{
	"class_name" : "PinholeCameraParameters",
	"extrinsic" : 
	[
		-0.56893947365640407,
		-0.81319414281184432,
		0.1225690067353231,
		0.0,
		-0.097892614635474634,
		-0.081014465470395355,
		-0.99189399251350274,
		0.0,
		0.81653224756613529,
		-0.57632624656617537,
		-0.033513373502823345,
		0.0,
		-5775.554487105037,
		4244.1530978605824,
		20770.381603161764,
		1.0
	],
	"intrinsic" : 
	{
		"height" : 1050,
		"intrinsic_matrix" : 
		[
			909.3266739736606,
			0.0,
			0.0,
			0.0,
			909.3266739736606,
			0.0,
			959.5,
			524.5,
			1.0
		],
		"width" : 1920
	},
	"version_major" : 1,
	"version_minor" : 0
}